,Site name,Urls
0,linkedin,https://www.linkedin.com/jobs/search/?keywords=Deep%20learning&start=0
1,linkedin,https://www.linkedin.com/jobs/search/?keywords=Deep%20learning&start=25
2,linkedin,https://www.linkedin.com/jobs/search/?keywords=Deep%20learning&start=50
3,linkedin,https://www.linkedin.com/jobs/search/?keywords=Deep%20learning&start=75
4,linkedin,https://www.linkedin.com/jobs/search/?keywords=Deep%20learning&start=100
5,linkedin,https://www.linkedin.com/jobs/search/?keywords=Deep%20learning&start=125
6,linkedin,https://www.linkedin.com/jobs/search/?keywords=Deep%20learning&start=150
7,linkedin,https://www.linkedin.com/jobs/search/?keywords=Deep%20learning&start=175
8,linkedin,https://www.linkedin.com/jobs/search/?keywords=Deep%20learning&start=200
9,linkedin,https://www.linkedin.com/jobs/search/?keywords=Deep%20learning&start=225
10,linkedin,https://www.linkedin.com/jobs/search/?keywords=Deep%20learning&start=250
11,linkedin,https://www.linkedin.com/jobs/search/?keywords=Deep%20learning&start=275
12,linkedin,https://www.linkedin.com/jobs/search/?keywords=Deep%20learning&start=300
13,linkedin,https://www.linkedin.com/jobs/search/?keywords=Deep%20learning&start=325
14,linkedin,https://www.linkedin.com/jobs/search/?keywords=Deep%20learning&start=350
15,linkedin,https://www.linkedin.com/jobs/search/?keywords=Deep%20learning&start=375
16,linkedin,https://www.linkedin.com/jobs/search/?keywords=Deep%20learning&start=400
17,linkedin,https://www.linkedin.com/jobs/search/?keywords=Deep%20learning&start=425
18,linkedin,https://www.linkedin.com/jobs/search/?keywords=Deep%20learning&start=450
19,linkedin,https://www.linkedin.com/jobs/search/?keywords=Deep%20learning&start=475
20,linkedin,https://www.linkedin.com/jobs/search/?keywords=Deep%20learning&start=500
21,linkedin,https://www.linkedin.com/jobs/search/?keywords=Deep%20learning&start=525
22,linkedin,https://www.linkedin.com/jobs/search/?keywords=Deep%20learning&start=550
23,linkedin,https://www.linkedin.com/jobs/search/?keywords=Deep%20learning&start=575
24,linkedin,https://www.linkedin.com/jobs/search/?keywords=Deep%20learning&start=600
25,linkedin,https://www.linkedin.com/jobs/search/?keywords=Deep%20learning&start=625
26,linkedin,https://www.linkedin.com/jobs/search/?keywords=Deep%20learning&start=650
27,linkedin,https://www.linkedin.com/jobs/search/?keywords=Deep%20learning&start=675
28,linkedin,https://www.linkedin.com/jobs/search/?keywords=Deep%20learning&start=700
29,linkedin,https://www.linkedin.com/jobs/search/?keywords=Deep%20learning&start=725
30,linkedin,https://www.linkedin.com/jobs/search/?keywords=Deep%20learning&start=750
31,linkedin,https://www.linkedin.com/jobs/search/?keywords=Deep%20learning&start=775
32,linkedin,https://www.linkedin.com/jobs/search/?keywords=Deep%20learning&start=800
33,linkedin,https://www.linkedin.com/jobs/search/?keywords=Deep%20learning&start=825
34,linkedin,https://www.linkedin.com/jobs/search/?keywords=Deep%20learning&start=850
35,linkedin,https://www.linkedin.com/jobs/search/?keywords=Deep%20learning&start=875
36,linkedin,https://www.linkedin.com/jobs/search/?keywords=Deep%20learning&start=900
37,linkedin,https://www.linkedin.com/jobs/search/?keywords=Deep%20learning&start=925
38,linkedin,https://www.linkedin.com/jobs/search/?keywords=Deep%20learning&start=950
39,linkedin,https://www.linkedin.com/jobs/search/?keywords=Deep%20learning&start=975
